time,zmp_x,zmp_y,zmp_z,cmp_x,cmp_y,cmp_z,cp_x,cp_y,cp_z
0.05,0.13020764445468866,0.009788598548344948,0.0,1.558806626896108,0.05229857165299935,0.0,-0.003149195581572839,0.0008599609601784193,0.0
0.07,0.02183833318098768,0.008035566959367382,0.0,0.17423273885767,0.02787141623709278,0.0,-0.003150740134353427,0.0008599896535768657,0.0
0.091,-0.010654433619610026,0.0071504054043357345,0.0,-0.046474158983603436,0.024758376255668457,0.0,-0.0031524167750045223,0.0008600202245626207,0.0
0.111,-0.011918530720249213,0.0066564977831881185,0.0,-0.06587561971037399,0.024554753234501975,0.0,-0.003153990032725507,0.0008600479328068145,0.0
0.131,-0.07212250311906943,0.05253793213352807,0.0,-0.514732301587271,0.06478668337610465,0.0,-0.003155537696651317,0.0008600741250120432,0.0
0.152,0.026806785100742674,0.0200627002147301,0.0,-0.4440718943723498,0.028167331008817086,0.0,-0.003157126190584173,0.0008601000013158783,0.0
0.17200000000000001,0.03493674312464019,0.04117844583745621,0.0,-0.4345331577112932,0.05729699146492082,0.0,-0.0031585929264213394,0.0008601231920645367,0.0
0.193,0.04828374581904505,0.004924986137785781,0.0,-0.4225356042992375,0.02014614226469232,0.0,-0.0031600723703961524,0.000860146148035166,0.0
0.214,0.07031390345243572,-0.008292437841537046,0.0,-0.40363839292132603,0.006192522290041391,0.0,-0.003161479223516945,0.0008601678016598421,0.0
0.234,0.07104342472720046,0.0009195808957950762,0.0,-0.40296736059449945,0.014540365985517029,0.0,-0.003162744938762528,0.0008601873092395164,0.0
0.255,0.06719069276189185,0.013964594157290329,0.0,-0.4064552608712802,0.02685961957866681,0.0,-0.0031639929164663586,0.000860206700956488,0.0
0.275,0.05621813211929625,0.011014564027515331,0.0,-0.41566927839902046,0.02519175961858375,0.0,-0.0031651047626622937,0.0008602241907645368,0.0
0.296,0.03939680537419467,-0.007969893536341846,0.0,-0.42986614665316747,0.0240193519177349,0.0,-0.0031661952396047927,0.0008602415839745638,0.0
0.316,0.026856453383590898,0.0037059447986481273,0.0,-0.4400517650251019,0.0173954395105542,0.0,-0.0031671659442754512,0.0008602572723745989,0.0
0.336,-0.10730725621246535,0.008844445573090456,0.0,-0.6006549859506021,0.024777276033827112,0.0,-0.0031680769508297415,0.0008602721499577919,0.0
0.357,-0.1423767048682618,0.010136586329791471,0.0,-0.5867115881205701,0.02412736682448613,0.0,-0.003168976642121786,0.0008602869441500583,0.0
0.377,-0.14257463978845134,0.0073009768109612355,0.0,-0.5868305484631742,0.021193252041645332,0.0,-0.003169786049948925,0.0008603002871326043,0.0
0.397,-0.19950772757755028,0.0036517987155237834,0.0,-0.6359523679534196,0.016310259906741988,0.0,-0.003170554937094272,0.0008603129398589143,0.0
0.418,-0.19965496081694414,0.005383245770200928,0.0,-0.6365817102545414,0.018753263426470285,0.0,-0.0031713236933334546,0.0008603255216089465,0.0
0.438,-0.19965178293915925,0.007068409923665642,0.0,-0.6368660989031807,0.01965244806054129,0.0,-0.0031720227070628263,0.0008603368699043823,0.0
0.458,-0.1424754687537731,0.01238524003869271,0.0,-0.5855133372978336,0.02357822951933318,0.0,-0.0031726918109434483,0.0008603476327908229,0.0
0.47800000000000004,-0.14257105870627898,0.0078100971742531885,0.0,-0.5879479136630527,0.020428463652037748,0.0,-0.003173332473179437,0.0008603578417668939,0.0
0.499,-0.10357025185374193,0.0036059540260535393,0.0,-0.5558845154889572,0.017996145446767642,0.0,-0.0031739754266556044,0.0008603679979680648,0.0
0.519,0.026855066132779697,0.004701400092923274,0.0,-0.4407314581617907,0.01780277895767237,0.0,-0.003174559822726452,0.0008603771639699757,0.0
0.539,0.0322331089272906,0.029398086769627536,0.0,-0.43606703802274394,0.04563104617893862,0.0,-0.003175117141044633,0.0008603858633196374,0.0
0.559,0.0446415157296222,0.008228640221963159,0.0,-0.4253813049917901,0.023379789682866834,0.0,-0.0031756475606439815,0.000860394121571262,0.0
0.58,0.05986516840270382,0.005834922842717082,0.0,-0.41221246142880796,0.019789544262474416,0.0,-0.0031761758990760673,0.0008604023442523552,0.0
0.6,0.06006707566710456,0.004884318878918745,0.0,-0.41224579592575494,0.018660308867344596,0.0,-0.003176652395374285,0.0008604097716481248,0.0
0.62,0.05569960821342009,0.006009342433954097,0.0,-0.415983024758744,0.02022377968507396,0.0,-0.0031771036484565408,0.000860416826490588,0.0
0.64,0.04328687691524467,-0.0011037099848582419,0.0,-0.4265487825725128,0.026565645438473784,0.0,-0.0031775306580265703,0.0008604235283746974,0.0
0.66,0.027972780191820132,0.008370295334672997,0.0,-0.43947453663860275,0.02260565967790616,0.0,-0.0031779345968153557,0.0008604298956336819,0.0
0.68,0.026863319081883916,0.006398812990587381,0.0,-0.4396851743367899,0.018895411264877593,0.0,-0.0031783167471750398,0.0008604359454508996,0.0
0.7000000000000001,-0.1032485037705117,0.010894493692680139,0.0,-0.5527107982394619,0.022318707560072214,0.0,-0.0031786784336109574,0.0008604416939705829,0.0
0.721,-0.14242524952459093,0.006155947571151992,0.0,-0.5870990132327673,0.020548703890100186,0.0,-0.0031790376067369276,0.0008604474222735747,0.0
0.741,-0.14256122546621697,0.004528592192428665,0.0,-0.5870432392436328,0.018541605707678082,0.0,-0.00317936134376713,0.0008604525997541946,0.0
0.761,-0.19942149018793406,0.002332566902365545,0.0,-0.6358912856493546,0.012426351533477887,0.0,-0.003179668339986535,0.0008604575197639814,0.0
0.781,-0.19956171007173915,0.005254576715619347,0.0,-0.6369036712559419,0.017943111429325052,0.0,-0.003179959596746285,0.000860462195157445,0.0
0.801,-0.1427112975183294,0.00871417395408548,0.0,-0.587726095688515,0.022571553906486252,0.0,-0.003180235989503916,0.0008604666381336987,0.0
0.8210000000000001,-0.14258339681078444,0.008663514941551268,0.0,-0.5874274391972677,0.021896969633227462,0.0,-0.003180498276859694,0.0008604708602733706,0.0
0.842,-0.1425189883975078,0.007526837733209315,0.0,-0.5882981285679078,0.02137075287701158,0.0,-0.003180759217416663,0.0008604750678628833,0.0
0.862,-0.10347760239952696,0.0064424356784173985,0.0,-0.5553924482367579,0.02014532310591418,0.0,-0.0031809945629531627,0.0008604788710281567,0.0
0.882,0.026850754091099813,0.007977154803256692,0.0,-0.4403190164514108,0.019822202918091707,0.0,-0.0031812175917615253,0.0008604824851303326,0.0
0.902,0.031596929610935985,0.02809578538475885,0.0,-0.4365137533216416,0.0425284543843591,0.0,-0.0031814287908625482,0.0008604859194954769,0.0
0.922,0.04005675401452363,0.0060681722715793225,0.0,-0.4291896018345835,0.021005340999719988,0.0,-0.0031816286286246546,0.0008604891829445612,0.0
0.9420000000000001,0.04225717746739338,0.001620683868738455,0.0,-0.42749349912995227,0.01703345875179051,0.0,-0.0031818175663618805,0.0008604922838152113,0.0
0.963,0.04089145148980233,0.0033023147104708785,0.0,-0.42828696830176993,0.01840392654122664,0.0,-0.003182004724278783,0.0008604953733681786,0.0
0.983,0.03653284981122115,0.0068565313798626985,0.0,-0.4325071576753999,0.02155592849640386,0.0,-0.003182172760381027,0.0008604981651055726,0.0
1.0030000000000001,0.0292332439972853,0.008954710166644059,0.0,-0.43851660220519956,0.022514623553451723,0.0,-0.003182331307621348,0.0008605008169605178,0.0
1.0230000000000001,0.026852519440846594,0.006406814747185879,0.0,-0.43996768422580307,0.018897469506367004,0.0,-0.0031824808271318688,0.0008605033355652834,0.0
1.044,-0.02603072885121842,0.059205404927311064,0.0,-0.50512689325878,0.08465913300970988,0.0,-0.0031826286026110455,0.000860505843552367,0.0
1.064,-0.10340950311962566,0.006591377893874519,0.0,-0.5534356160877948,0.02067640010551519,0.0,-0.00318276101924784,0.0008605081082519328,0.0
1.084,-0.1424988935584395,0.003420839280026598,0.0,-0.5874806152425166,0.017826847343799294,0.0,-0.0031828857470761543,0.0008605102578304928,0.0
1.104,-0.1425624993014275,0.004531127069182348,0.0,-0.587250553178384,0.01836373189287482,0.0,-0.0031830031883177123,0.0008605122976207556,0.0
1.124,-0.14258910526704302,0.007351999258211971,0.0,-0.587085155957717,0.021112472907521006,0.0,-0.0031831137225527707,0.0008605142326867199,0.0
1.1440000000000001,-0.14259021138623923,0.008949296890093189,0.0,-0.5871828883525879,0.0226955227415938,0.0,-0.0031832177060620503,0.0008605160678404049,0.0
1.165,-0.1425648343203252,0.008597284187519903,0.0,-0.5875901418077599,0.022359224532789775,0.0,-0.0031833202031621016,0.000860517892223833,0.0
1.185,-0.14251878898232184,0.007425404858883671,0.0,-0.5882915761564648,0.021229072865920292,0.0,-0.0031834117770601447,0.0008605195366148396,0.0
1.205,-0.10350312219415206,0.006471337017139293,0.0,-0.5553768277405653,0.020244953807944166,0.0,-0.0031834977531283804,0.0008605210943603973,0.0
1.225,0.026852673475859175,0.005925282627155642,0.0,-0.44037634556453387,0.018711148847010285,0.0,-0.0031835784066737297,0.000860522569389335,0.0
1.245,0.026836555859830052,0.01126632171554637,0.0,-0.4402558829007893,0.021668295407233654,0.0,-0.0031836539985723453,0.0008605239654404081,0.0
1.2650000000000001,0.03111043282502852,0.024718254989458475,0.0,-0.43701014051266585,0.03933863900358091,0.0,-0.003183724777379203,0.0008605252860721397,0.0
1.286,0.035331594020796525,0.0010484900271349657,0.0,-0.43322930972939633,0.01593677353397551,0.0,-0.003183794175296291,0.0008605265952696583,0.0
1.306,0.03383325751616108,-0.00025711146408790545,0.0,-0.43456173515412255,0.0145065099557654,0.0,-0.0031838558211027793,0.000860527771704567,0.0
1.326,0.02883751720352922,0.007150783071256279,0.0,-0.4390338826655279,0.023110266922474268,0.0,-0.003183913351610137,0.0008605288825547619,0.0
1.346,0.026844463337908957,0.00655863841742176,0.0,-0.44016218514700073,0.018912153502836912,0.0,-0.0031839669788403654,0.0008605299307402365,0.0
1.366,0.026860412035281552,0.012148955435623512,0.0,-0.4394715742752453,0.022465651321765014,0.0,-0.0031840169071174758,0.0008605309190444244,0.0
1.3860000000000001,-0.10326568858477223,0.010167874203381262,0.0,-0.5529727318170645,0.02032402871102158,0.0,-0.0031840633330551043,0.0008605318501219771,0.0
1.4060000000000001,-0.14232166437025975,0.0013356711017612315,0.0,-0.5866773918076185,0.015802181304375145,0.0,-0.0031841064454425326,0.0008605327265060513,0.0
1.427,-0.14251317252971193,0.00068268606104987,0.0,-0.5876379766054343,0.014796257062534847,0.0,-0.0031841483449952476,0.0008605335904903189,0.0
1.447,-0.1425560038848755,0.005503008736383178,0.0,-0.5876014249763187,0.019251872310864532,0.0,-0.0031841852211275112,0.0008605343621955544,0.0
1.467,-0.14256718782867792,0.009687319822836292,0.0,-0.5877328473083451,0.023384615587260203,0.0,-0.003184219310092676,0.0008605350862524452,0.0
1.487,-0.14254755640401953,0.010335446947295384,0.0,-0.5881083667191491,0.024030465397373055,0.0,-0.0031842507682868517,0.0008605357647681485,0.0
1.5070000000000001,-0.14250171065769188,0.008463645164396051,0.0,-0.5887641803326352,0.022219360152650962,0.0,-0.0031842797443745784,0.0008605363997586945,0.0
1.5270000000000001,-0.10350888752501844,0.004868807881371342,0.0,-0.5558433441663767,0.018224994438548827,0.0,-0.003184306379586184,0.0008605369931537554,0.0
1.548,0.026845917168747256,0.0073352557281379715,0.0,-0.4399520157318389,0.01940856435652097,0.0,-0.003184331973892402,0.0008605375734722718,0.0
1.568,0.026829077135646896,0.011838755546723489,0.0,-0.44013814401464,0.02200639302183409,0.0,-0.0031843542224243276,0.0008605380872884221,0.0
1.588,0.029062350376781305,0.024309669542741413,0.0,-0.4383528136250759,0.036206030926226096,0.0,-0.0031843745188495616,0.0008605385649061524,0.0
1.608,0.02771005236147093,0.01028984673395978,0.0,-0.4396081172075927,0.02297872356752669,0.0,-0.0031843929782404464,0.0008605390079479429,0.0
1.6280000000000001,0.02683703283501315,0.0005795933825297314,0.0,-0.4402402213620563,0.015172517687097925,0.0,-0.0031844097101877537,0.0008605394179695705,0.0
1.6480000000000001,0.026847167574121478,0.0013013664326631603,0.0,-0.43982468876096953,0.01564073664777143,0.0,-0.00318442481912545,0.0008605397964633703,0.0
1.669,0.0268615490603256,0.005892342151813746,0.0,-0.4391759587242634,0.018505320973080063,0.0,-0.0031844390456160073,0.0008605401615159129,0.0
1.689,-0.1033766403441905,0.012183007782117101,0.0,-0.5536116911941599,0.025982616922124835,0.0,-0.0031844511335497564,0.0008605404797909952,0.0
1.709,-0.14234721397579542,0.007285353817457129,0.0,-0.5869680410387562,0.021169329562353015,0.0,-0.0031844618878329686,0.0008605407707284483,0.0
1.729,-0.14251209017988017,0.005411750185245926,0.0,-0.5879786131265216,0.019474867352219778,0.0,-0.0031844713944570975,0.0008605410355929174,0.0
1.749,-0.14253309828665855,0.005680593954467531,0.0,-0.588050334332923,0.01953892125243781,0.0,-0.00318447973529299,0.0008605412755994117,0.0
1.7690000000000001,-0.1425257888015315,0.007075877080095689,0.0,-0.588317668177692,0.020920040609307865,0.0,-0.003184486988223349,0.0008605414919155213,0.0
1.7890000000000001,-0.10359823251065131,0.009580027294708837,0.0,-0.5556156066540603,0.024608499484301577,0.0,-0.0031844932272692464,0.0008605416856636466,0.0
1.81,-0.10348838995768075,0.007646688454686979,0.0,-0.5555296780472736,0.021305154721648675,0.0,-0.003184498763930044,0.0008605418659906638,0.0
1.83,0.0268446934930907,0.007901183864296812,0.0,-0.4398667487560823,0.019769637690760337,0.0,-0.0031845031402977495,0.000860542016803099,0.0
1.85,0.026834409035390673,0.0119736539486629,0.0,-0.4398928233997539,0.022186778750835683,0.0,-0.003184506706020832,0.0008605421482120535,0.0
1.87,0.0268296437911632,0.014826450030694275,0.0,-0.44005963216919436,0.024117141769236284,0.0,-0.0031845095208037203,0.0008605422611763227,0.0
1.8900000000000001,0.026832289073463248,0.015280114432029441,0.0,-0.44001936489096843,0.02449975938245042,0.0,-0.0031845116411611325,0.0008605423566185778,0.0
1.9100000000000001,0.026841055347939766,0.013535636809311984,0.0,-0.43972807718577817,0.023377217474542716,0.0,-0.0031845131205591867,0.0008605424354268571,0.0
1.931,0.02685720628214567,0.01071026865855054,0.0,-0.4391614967939419,0.02153677221378765,0.0,-0.0031845140393755873,0.0008605425012081108,0.0
1.951,-0.10334013498374194,-0.0018271596876090353,0.0,-0.5536314433730148,0.010490830290374927,0.0,-0.0031845143598302535,0.0008605425485541481,0.0
1.971,-0.10344250561757762,-0.0023626893489722806,0.0,-0.5537861313357543,0.012228824829427323,0.0,-0.0031845141850021137,0.0008605425817749218,0.0
1.991,-0.14246881182246143,0.006089971813633601,0.0,-0.5880312790964526,0.020030587947302024,0.0,-0.0031845135573965516,0.000860542601631679,0.0
2.011,-0.14252058811569285,0.010001654606908146,0.0,-0.5885269640036489,0.023748224949806697,0.0,-0.003184512517126603,0.0008605426088573488,0.0
2.031,-0.1036006591795206,0.011133934085290082,0.0,-0.5556402869959441,0.025169175562018836,0.0,-0.0031845111020232715,0.0008605426041576146,0.0
2.051,-0.10345569383722833,0.007295700019764029,0.0,-0.5547275566144333,0.020925448894090447,0.0,-0.0031845093477392296,0.0008605425882118966,0.0
2.071,0.026843963592294354,0.005452504744624988,0.0,-0.44025281827896967,0.018656148600933613,0.0,-0.0031845072878459767,0.0008605425616743013,0.0
2.091,0.026840503212168274,0.009695810980974622,0.0,-0.4396240367658003,0.02080230237582431,0.0,-0.0031845049539258,0.0008605425251745188,0.0
2.111,0.026833722973489772,0.013664701227191866,0.0,-0.43968455272025475,0.023248124137044246,0.0,-0.003184502375658893,0.0008605424793187253,0.0
2.1310000000000002,0.02683667935600868,0.015707117116916993,0.0,-0.43961811690737546,0.024682927863829703,0.0,-0.003184499580906896,0.00086054242469035,0.0
2.1510000000000002,0.026847080628007898,0.015124948338445224,0.0,-0.43930772639468385,0.024388643883726576,0.0,-0.0031844965957931034,0.0008605423618509324,0.0
2.1710000000000003,-0.10224962284638,0.0006215048462326031,0.0,-0.5411960634399696,0.015217460645751347,0.0,-0.0031844934447803393,0.0008605422913407557,0.0
2.192,-0.10342430156975349,-0.00695749965901986,0.0,-0.554035881427614,0.00799918985428603,0.0,-0.0031844899826797904,0.0008605422096178985,0.0
2.212,-0.10345200360684403,0.0008694859830381685,0.0,-0.5540009523926253,0.014945960784610999,0.0,-0.003184486561442491,0.0008605421249860351,0.0
2.232,-0.10347490969637628,0.01076808497533724,0.0,-0.5540905080464607,0.02448767321709599,0.0,-0.0031844830394355595,0.0008605420342075705,0.0
2.2520000000000002,-0.10347444923265674,0.01249129825410166,0.0,-0.5542371822205633,0.02620019208352168,0.0,-0.0031844794351472334,0.0008605419377438243,0.0
2.2720000000000002,-0.10345426792265086,0.008699269114994156,0.0,-0.5544901508788166,0.022536736986899116,0.0,-0.003184475765765576,0.000860541836038197,0.0
2.2920000000000003,0.0035655730151488646,0.0038177803698881546,0.0,-0.4501799078847341,-0.0016826134856142046,0.0,-0.0031844720472431957,0.0008605417295166488,0.0
2.313,0.02684453069175978,0.00745126456232472,0.0,-0.43931025929242107,0.01947006233904998,0.0,-0.0031844681060635817,0.0008605416129333615,0.0
2.333,0.026836827792663945,0.011917605346246984,0.0,-0.4393554666411112,0.02211456276563067,0.0,-0.0031844643317915154,0.0008605414978003713,0.0
2.353,0.026840205064836545,0.015103880326081379,0.0,-0.4392402532707271,0.02426179194271893,0.0,-0.003184460550041613,0.0008605413790488031,0.0
2.373,-0.07606652569004002,-0.005362786383067279,0.0,-0.5428092543251057,-0.00862181751358603,0.0,-0.003184456772377277,0.0008605412570394491,0.0
2.3930000000000002,-0.1034302245735482,-0.006468146731208901,0.0,-0.5546042749341047,0.007729931650464308,0.0,-0.003184453009417225,0.0008605411321182431,0.0
2.4130000000000003,-0.10344323944196566,-0.00010003333251001423,0.0,-0.5543761145397372,0.014266496283568152,0.0,-0.003184449270885755,0.0008605410046166938,0.0
2.434,-0.10345730029190757,0.010004669085016765,0.0,-0.5545388925955502,0.02381361248920502,0.0,-0.0031844453814220087,0.0008605408683101353,0.0
2.454,-0.10345331731989614,0.01226778903563036,0.0,-0.5548057783849097,0.026071984588557376,0.0,-0.0031844417198485368,0.0008605407364964592,0.0
2.474,0.015699129357172884,0.007553577034645842,0.0,-0.45155101643456297,0.018943979074505162,0.0,-0.0031844381073271445,0.0008605406030285965,0.0
2.494,0.020668155358479278,0.00921768891451043,0.0,-0.44686774258323314,0.024495106860424755,0.0,-0.0031844345504300634,0.0008605404681837613,0.0
2.5140000000000002,0.005305521862318378,0.019426493689984364,0.0,-0.45859135469255813,0.03618824504037986,0.0,-0.0031844310550575776,0.000860540332226687,0.0
2.5340000000000003,-0.06250500898418096,-0.0031278978648827628,0.0,-0.5179617776221058,0.01224754224977777,0.0,-0.003184427626476781,0.0008605401954100948,0.0
2.5540000000000003,-0.08805107417798436,0.01087380298201978,0.0,-0.5406195463481777,0.025563345155161496,0.0,-0.0031844242693586,0.0008605400579749491,0.0
2.575,-0.0825192969124737,0.011393425075271704,0.0,-0.535775769818412,0.02594761404171863,0.0,-0.003184420825786456,0.0008605399132533807,0.0
2.595,-0.059707729540198526,0.006684754888653156,0.0,-0.51570873868695,0.021430647132247755,0.0,-0.0031844176274412298,0.0008605397752558654,0.0
2.615,-0.037352742082785224,0.005324325673772463,0.0,-0.49610477236443484,0.0199568806603573,0.0,-0.0031844145114852656,0.0008605396373058507,0.0
2.6350000000000002,-0.027514704206460086,0.00619830199585773,0.0,-0.4875235125050636,0.020668588234200005,0.0,-0.0031844114805238922,0.0008605394996002519,0.0
2.6550000000000002,-0.03034131008944375,0.007212755904943978,0.0,-0.4900558021171864,0.02161540364240111,0.0,-0.003184408536731334,0.0008605393623258433,0.0
2.6750000000000003,-0.04161701938134439,0.0069167326360198185,0.0,-0.4999184923678373,0.02144748432929888,0.0,-0.0031844056818792067,0.0008605392256596541,0.0
2.696,-0.05313845787696573,0.006609727931203082,0.0,-0.5100038843292003,0.021346139913083515,0.0,-0.0031844027815294725,0.0008605390829978933,0.0
2.716,-0.057871383336717985,0.0067628288471873015,0.0,-0.5141435829399508,0.021525578133561762,0.0,-0.0031844001129880542,0.0008605389480920913,0.0
2.736,-0.055622686658141816,0.006900103129101024,0.0,-0.5121638466759196,0.021602579321354638,0.0,-0.0031843975365799665,0.0008605388142768521,0.0
2.7560000000000002,-0.049661461556443694,0.006772540498629833,0.0,-0.5069344992522237,0.021416487144806675,0.0,-0.0031843950527114732,0.00086053868169244,0.0
2.7760000000000002,-0.04428907115073278,0.006626846962986715,0.0,-0.5022261454840452,0.02123722335752981,0.0,-0.003184392661511057,0.0008605385504706723,0.0
2.7960000000000003,-0.04215625341205663,0.006660800571409311,0.0,-0.5003676199121859,0.021239210184046297,0.0,-0.003184390362850617,0.0008605384207352708,0.0
2.817,-0.043533085124776515,0.006710937140756934,0.0,-0.5015804788362439,0.021305224537348278,0.0,-0.003184388048451454,0.0008605382862394258,0.0
2.837,-0.046526829362974996,0.00670732969627717,0.0,-0.5042030248646673,0.021366824154703607,0.0,-0.0031843859381209794,0.000860538159904841,0.0
2.857,-0.04908078098074494,0.0067141592092524365,0.0,-0.5064398556776144,0.021407265393273756,0.0,-0.003184383918559426,0.0008605380353862731,0.0
2.8770000000000002,-0.049981487383988374,0.006727200593083828,0.0,-0.5072296296215951,0.02140944334718993,0.0,-0.0031843819887954045,0.0008605379127770402,0.0
2.8970000000000002,-0.049238105200006904,0.006723660117707636,0.0,-0.5065729882958976,0.021405025138788357,0.0,-0.0031843801476928485,0.0008605377921635407,0.0
2.9170000000000003,-0.04774054577419435,0.006714088299876741,0.0,-0.505259726017836,0.02137861083810985,0.0,-0.003184378393966373,0.0008605376736254528,0.0
2.9370000000000003,-0.04650266070544177,0.006706006881148159,0.0,-0.5041757727661649,0.02135567754622972,0.0,-0.003184376726195957,0.0008605375572360414,0.0
2.958,-0.046094094306652914,0.006697129130029809,0.0,-0.5038177402002533,0.0213573177206856,0.0,-0.0031843750658596625,0.000860537437412893,0.0
2.978,-0.046521997806119195,0.006708271474373373,0.0,-0.5041984491527274,0.02134928666867756,0.0,-0.0031843735693641018,0.0008605373256311503,0.0
2.998,-0.047269016168725475,0.006713294380471341,0.0,-0.504853504483065,0.021363520607302015,0.0,-0.003184372153801281,0.0008605372161838474,0.0
3.0180000000000002,-0.04785102656126115,0.006716792010395426,0.0,-0.5053602849446313,0.021380627889834965,0.0,-0.003184370817339197,0.0008605371091202727,0.0
3.0380000000000003,-0.0480119435538505,0.006717028436824287,0.0,-0.5055008485100784,0.02138448675812569,0.0,-0.003184369558073391,0.0008605370044843245,0.0
3.0580000000000003,-0.047792333985582525,0.006715434423401384,0.0,-0.5053077356887316,0.021380540654970765,0.0,-0.003184368374037215,0.0008605369023146799,0.0
3.079,-0.04739749718083432,0.006706217064320536,0.0,-0.5049597666943689,0.02138155932763542,0.0,-0.0031843672095550573,0.0008605367977277257,0.0
3.099,-0.047124957256626854,0.006704794649336903,0.0,-0.5047211492891701,0.021376817149146674,0.0,-0.003184366173379315,0.0008605367007141019,0.0
3.119,-0.04707226885677028,0.006712413189176692,0.0,-0.5046797088521585,0.02135934386679393,0.0,-0.0031843652061473832,0.0008605366062546974,0.0
3.1390000000000002,-0.04719280734949079,0.0067134714656203204,0.0,-0.5047856688927469,0.021361796669726527,0.0,-0.003184364305732715,0.0008605365143691315,0.0
3.1590000000000003,-0.047375563464247795,0.0067148726446419164,0.0,-0.5049430115377952,0.021371771805354187,0.0,-0.003184363469989221,0.0008605364250727118,0.0
3.1790000000000003,-0.04750695582584198,0.006715782365611377,0.0,-0.5050579724793274,0.02137419010242455,0.0,-0.0031843626967579517,0.0008605363383767089,0.0
3.1990000000000003,-0.04753238159494975,0.00671569838390787,0.0,-0.5050804544953865,0.021375359751864033,0.0,-0.0031843619838735934,0.0008605362542884534,0.0
3.22,-0.04746595698588796,0.006715206994245427,0.0,-0.5050221153897013,0.02137452259165299,0.0,-0.0031843612979234976,0.0008605361688062789,0.0
3.24,-0.04737532407672806,0.006714991188158029,0.0,-0.5049426517428254,0.02137243053546278,0.0,-0.0031843607019844114,0.0008605360900712736,0.0
3.2600000000000002,-0.04731463428070134,0.00671513573410439,0.0,-0.504889130022073,0.021370510459982506,0.0,-0.003184360159806832,0.0008605360139439861,0.0
3.2800000000000002,-0.04730762895874464,0.006715262511712663,0.0,-0.5048861478296303,0.02136373580216809,0.0,-0.0031843596692549595,0.0008605359404176452,0.0
3.3000000000000003,-0.047333549774968765,0.006708092540348289,0.0,-0.5049045139643321,0.02138109886257734,0.0,-0.003184359228211904,0.0008605358694823012,0.0
3.3200000000000003,-0.04738462423111932,0.006715518985118025,0.0,-0.5049511614536453,0.021373673164726128,0.0,-0.003184358834583722,0.0008605358011251141,0.0
3.341,-0.047414525948787464,0.006715876881190959,0.0,-0.5049773844719538,0.021374221231081538,0.0,-0.003184358470042389,0.0008605357321076346,0.0
3.361,-0.04741631352058808,0.00671612379386174,0.0,-0.5049788364026053,0.02137405436377902,0.0,-0.0031843581671831766,0.0008605356689837969,0.0
3.3810000000000002,-0.04739873720628338,0.006716312192838615,0.0,-0.5049633903935198,0.021373431419741445,0.0,-0.003184357905528273,0.0008605356083821727,0.0
3.4010000000000002,-0.047376832622777,0.006716560490133259,0.0,-0.5049441807285231,0.02137261030167013,0.0,-0.0031843576831090746,0.0008605355502794488,0.0
3.4210000000000003,-0.04736363459781834,0.006717016297597416,0.0,-0.5049322013591249,0.021371556093278402,0.0,-0.003184357497994555,0.000860535494650044,0.0
3.4410000000000003,-0.047364282254594124,0.006717143772357519,0.0,-0.5049359629290234,0.021364800453413896,0.0,-0.003184357348293293,0.0008605354414662549,0.0
3.462,-0.047373816523879064,0.006717405448143171,0.0,-0.5049443565035275,0.021364983181003883,0.0,-0.0031843572271968556,0.000860535388222873,0.0
3.482,-0.04737692002137098,0.006710001509126481,0.0,-0.5049425242758655,0.021382159435640667,0.0,-0.0031843571443563898,0.0008605353399577703,0.0
3.5020000000000002,-0.04738949575754758,0.006717242816593829,0.0,-0.5049554290652012,0.02137387847956548,0.0,-0.003184357091422795,0.0008605352940420754,0.0
3.5220000000000002,-0.047389181460231446,0.006717500864163703,0.0,-0.5049551400361753,0.02137368700132168,0.0,-0.003184357066681405,0.0008605352504407871,0.0
3.5420000000000003,-0.04738456843757679,0.006717778528825819,0.0,-0.5049510727162007,0.02137331293199754,0.0,-0.003184357068464137,0.0008605352091173825,0.0
3.5620000000000003,-0.04737938895229171,0.0067181361866028326,0.0,-0.5049464511751506,0.02137279141025286,0.0,-0.003184357095150288,0.0008605351700339897,0.0
3.5820000000000003,-0.0473765883282393,0.006718648645929336,0.0,-0.5049436166000429,0.021371902711301308,0.0,-0.0031843571451671076,0.0008605351331513881,0.0
3.603,-0.04737698728129679,0.006718856880131754,0.0,-0.5049439808375873,0.021371925952598684,0.0,-0.003184357221127208,0.000860535096749069,0.0
3.623,-0.04738044835807833,0.006718971150962659,0.0,-0.504950320027987,0.02136510034338096,0.0,-0.0031843573142599285,0.0008605350642506714,0.0
3.6430000000000002,-0.04737538482576096,0.006711473356158054,0.0,-0.5049410992431248,0.021382376005500435,0.0,-0.0031843574262267554,0.0008605350338266219,0.0
3.6630000000000003,-0.04738318442976268,0.006718740296577867,0.0,-0.5049499576582138,0.02137389044136488,0.0,-0.0031843575556524655,0.0008605350054334989,0.0
3.6830000000000003,-0.047382964659421566,0.006719002721521506,0.0,-0.5049497573186128,0.021373704556676833,0.0,-0.0031843577012106764,0.000860534979027137,0.0
3.7030000000000003,-0.04738179966862977,0.006719310665245258,0.0,-0.5049487204125568,0.021373390543219756,0.0,-0.0031843578616236844,0.0008605349545625896,0.0
3.724,-0.047380542469099306,0.006719503894283513,0.0,-0.5049476310679241,0.02137338420336202,0.0,-0.0031843580447003753,0.0008605349309148906,0.0
3.744,-0.04738002605255649,0.00671989382160399,0.0,-0.5049470919228015,0.021372944128441554,0.0,-0.0031843582317750484,0.0008605349102881667,0.0
3.7640000000000002,-0.04738028742041562,0.006720427696524079,0.0,-0.5049469175872109,0.021372087578690836,0.0,-0.003184358430104624,0.0008605348914627947,0.0
3.7840000000000003,-0.047382001304093695,0.006720511497439846,0.0,-0.5049518520586479,0.02136513252707462,0.0,-0.0031843586386045807,0.0008605348743918175,0.0
3.8040000000000003,-0.04737490118373352,0.006712959097121788,0.0,-0.5049406712710087,0.021382615534338463,0.0,-0.0031843588562367334,0.0008605348590279967,0.0
3.8240000000000003,-0.04738174559424017,0.0067202764208585085,0.0,-0.504948762180586,0.021373992978789877,0.0,-0.003184359082008485,0.0008605348453238357,0.0
3.845,-0.04738165563880712,0.0067204755815425885,0.0,-0.5049486911158585,0.021374008223601835,0.0,-0.0031843593267927186,0.0008605348326685388,0.0
3.865,-0.04738138730780998,0.006720741414862795,0.0,-0.5049484537837152,0.02137382103374849,0.0,-0.0031843595663360864,0.0008605348222176036,0.0
3.8850000000000002,-0.04738114875913765,0.006721056068894454,0.0,-0.5049482294482028,0.02137352356843154,0.0,-0.003184359811265346,0.0008605348132807469,0.0
3.9050000000000002,-0.047381088388520454,0.006721452986866879,0.0,-0.5049480801717844,0.021373085513774457,0.0,-0.003184360060764478,0.0008605348058101788,0.0
3.9250000000000003,-0.04738122890546697,0.0067219908389579055,0.0,-0.5049477809654599,0.02137220572488426,0.0,-0.0031843603140587727,0.0008605347997582122,0.0
3.9450000000000003,-0.04738251767309296,0.006722054589249563,0.0,-0.5049524698720427,0.021365148130149735,0.0,-0.003184360570413935,0.000860534795077296,0.0
3.9650000000000003,-0.047374860583416806,0.006714454409710183,0.0,-0.5049406340428544,0.021382860638342313,0.0,-0.0031843608291350204,0.0008605347917200737,0.0
3.986,-0.04737493503325568,0.006714650064651913,0.0,-0.504940699867679,0.021382893824713933,0.0,-0.003184361102620588,0.0008605347895680765,0.0
4.006,-0.04724898438915151,0.025821373137724174,0.0,-0.5055901902176991,0.042847295004266484,0.0,-0.003184361364180102,0.0008605347887774449,0.0
4.027,-0.04390690246916847,0.09134827736815762,0.0,-0.5029340412941309,0.10039175287992301,0.0,-0.0031843616393231653,0.0008605347892174314,0.0
4.048,-0.04709724209243523,0.08365119025394889,0.0,-0.5056934291514611,0.09238011930757073,0.0,-0.003184361914363599,0.000860534790906089,0.0
4.0680000000000005,-0.04870645589227296,0.0683631289484686,0.0,-0.5069713769451141,0.07921790936024595,0.0,-0.0031843621756714965,0.0008605347936268455,0.0
4.089,-0.04836935701038663,0.06803598492742353,0.0,-0.5066791596134053,0.07909311144727005,0.0,-0.0031843624488487312,0.0008605347976015684,0.0
4.11,-0.04751315482138741,0.07143212969184919,0.0,-0.50597164615231,0.08211221953874451,0.0,-0.0031843627202964783,0.000860534802670637,0.0
4.131,-0.04658288191591573,0.07185412120112034,0.0,-0.5051607443024364,0.08248768284097158,0.0,-0.0031843629895392522,0.0008605348087830373,0.0
4.152,-0.04618192319703766,0.07090699731772653,0.0,-0.5047964100621686,0.0816868626739223,0.0,-0.0031843632561375027,0.00086053481588842,0.0
4.173,-0.046345612577738435,0.07064597488436461,0.0,-0.5049368841135359,0.08152596910317787,0.0,-0.003184363519686269,0.0008605348239371886,0.0
4.1930000000000005,-0.04681927052455373,0.07078227307905187,0.0,-0.505352295369609,0.08172566783185437,0.0,-0.0031843637675094934,0.0008605348324350738,0.0
4.214,-0.04739247868783928,0.07095339661973052,0.0,-0.5058539797433577,0.08190471004346236,0.0,-0.003184364024062312,0.000860534842185727,0.0
4.235,-0.04757028874756372,0.07087340384613865,0.0,-0.5060051994929711,0.08185482103679696,0.0,-0.0031843642765588165,0.0008605348527379644,0.0
4.256,-0.04735002585770395,0.0708495712213276,0.0,-0.505813138188875,0.08188482177772105,0.0,-0.00318436452471762,0.0008605348640454178,0.0
4.277,-0.04704502946782359,0.07072253652989144,0.0,-0.505545891795964,0.08184535829590518,0.0,-0.003184364768285265,0.0008605348760626175,0.0
4.298,-0.04682917551713689,0.07063461134606339,0.0,-0.505359382862722,0.08184202248593357,0.0,-0.0031843650070351105,0.0008605348887449995,0.0
4.3180000000000005,-0.04678738347987947,0.07057021619178858,0.0,-0.5053261569584068,0.08186226969657563,0.0,-0.003184365229752457,0.000860534901401953,0.0
4.339,-0.04688307136106605,0.0704894430209276,0.0,-0.5054138521004653,0.08187889289276118,0.0,-0.0031843654585385164,0.000860534915258136,0.0
4.36,-0.04701998957043232,0.07039832104705629,0.0,-0.5055379895532996,0.08189056709864034,0.0,-0.0031843656819816727,0.0008605349296534697,0.0
4.381,-0.04710824573271678,0.07029516280915403,0.0,-0.5056198124236589,0.0818960665012122,0.0,-0.0031843658999489003,0.0008605349445471677,0.0
4.402,-0.04710728594858305,0.07019351868609786,0.0,-0.5056237543601407,0.08190411796694394,0.0,-0.0031843661123280415,0.0008605349598994767,0.0
4.423,-0.04695684253680117,0.07037259483728502,0.0,-0.5055095851689156,0.08204796394075804,0.0,-0.003184366319026561,0.0008605349756716215,0.0
4.4430000000000005,-0.04684053805986959,0.07031559082243187,0.0,-0.505391499348848,0.08198827487124719,0.0,-0.003184366510533154,0.0008605349910485342,0.0
4.464,-0.04684467611425335,0.07025264447363458,0.0,-0.5053914511370313,0.08192609426036586,0.0,-0.0031843667059439197,0.0008605350075325948,0.0
4.485,-0.04692546764348313,0.07026391836369175,0.0,-0.505459194785056,0.08192654224687565,0.0,-0.0031843668955053505,0.0008605350243280783,0.0
4.506,-0.047642773820122705,0.04750554278671824,0.0,-0.505699740624101,0.05751899099289028,0.0,-0.003184367079192316,0.0008605350414003308,0.0
4.527,-0.048174602993198284,-0.008651959256650901,0.0,-0.505412857820726,0.00748124960537487,0.0,-0.0031843672569942453,0.0008605350587157038,0.0
4.548,-0.047593951245625724,-0.008617899040813008,0.0,-0.5049419524718275,0.008019059719905786,0.0,-0.0031843674289142184,0.0008605350762416204,0.0
4.5680000000000005,-0.046743199156677094,0.006643994900010095,0.0,-0.5044143753616152,0.022012361819631676,0.0,-0.003184367587193374,0.0008605350930998436,0.0
4.589,-0.046677159003146666,0.010171045720408932,0.0,-0.5043991281173672,0.025220368142324253,0.0,-0.003184367747685886,0.0008605351109468742,0.0
4.61,-0.047170845038591216,0.006456087222327151,0.0,-0.5047759446624926,0.021866823125202436,0.0,-0.0031843679023764674,0.000860535128914342,0.0
4.631,-0.047576482982907876,0.00480161119092204,0.0,-0.5051198661512191,0.020417291246453483,0.0,-0.003184368051313462,0.0008605351469737922,0.0
4.652,-0.047679319838908496,0.005490582246469448,0.0,-0.5052152476516535,0.021075602407175178,0.0,-0.0031843681945546765,0.0008605351650978023,0.0
4.673,-0.0475660470983719,0.006035811282058123,0.0,-0.5051248346867916,0.021593083802214443,0.0,-0.0031843683321666387,0.0008605351832599672,0.0
4.6930000000000005,-0.047363503292571156,0.005944722906599893,0.0,-0.5049477112939534,0.021535300742409624,0.0,-0.0031843684580601457,0.0008605352005695103,0.0
4.714,-0.04718947961868732,0.005738184489655721,0.0,-0.5047948458565578,0.021375179723440052,0.0,-0.0031843685849029376,0.0008605352187339732,0.0
4.735,-0.047129612035259706,0.005699160218399118,0.0,-0.504743045945636,0.02137009120935948,0.0,-0.0031843687063566883,0.0008605352368645772,0.0
4.756,-0.04718564223094386,0.0057105439182318736,0.0,-0.5047941115246883,0.0214095134284033,0.0,-0.003184368822515441,0.0008605352549389252,0.0
4.777,-0.047288122141984495,0.005694875627628492,0.0,-0.5048851867800064,0.021425501496316904,0.0,-0.0031843689334786662,0.0008605352729355886,0.0
4.798,-0.047361547016196874,0.0056484849917815385,0.0,-0.5049504363595031,0.021415440666141126,0.0,-0.0031843690393506545,0.0008605352908341001,0.0
4.8180000000000005,-0.04737082326188106,0.005615015428068272,0.0,-0.5049598100572475,0.021412583151410407,0.0,-0.003184369135547014,0.0008605353077712105,0.0
4.839,-0.04732983510529666,0.005582373777090271,0.0,-0.5049253078329328,0.02141252055787054,0.0,-0.0031843692317951987,0.0008605353254227792,0.0
4.86,-0.047282480332950565,0.005656427116439208,0.0,-0.5048961884623364,0.02145998285491402,0.0,-0.0031843693232829298,0.0008605353429213476,0.0
4.881,-0.0472313496593599,0.005703405454822508,0.0,-0.504835667657864,0.02143515147375935,0.0,-0.003184369410128405,0.000860535360250183,0.0
4.902,-0.04724195743978141,0.005739841320395607,0.0,-0.5048393414854773,0.021409942034637756,0.0,-0.00318436949245212,0.0008605353773934322,0.0
4.923,-0.047209851224741736,0.005758395413244269,0.0,-0.5048341110785235,0.021458908465469793,0.0,-0.0031843695703765687,0.0008605353943361199,0.0
4.9430000000000005,-0.047178913140903764,0.005733023783710748,0.0,-0.5047864512567685,0.021433895025209978,0.0,-0.0031843696406137502,0.00086053541027267,0.0
4.964,-0.047205960040818784,0.005706396450764505,0.0,-0.5048086581180801,0.021411659407713193,0.0,-0.00318436971030754,0.0008605354267840032,0.0
4.985,-0.04727745712825899,0.005703332755519947,0.0,-0.5048710936718259,0.021411029714872704,0.0,-0.0031843697759710967,0.0008605354430556424,0.0
5.006,-0.04733182047512032,0.005709851517599641,0.0,-0.5049182547828003,0.021417147729699167,0.0,-0.0031843698377307644,0.0008605354590759491,0.0
5.027,-0.04734258103311733,0.005712939126450717,0.0,-0.5049275738264173,0.021419849417577984,0.0,-0.0031843698957131085,0.000860535474834125,0.0
5.048,-0.04731785567089371,0.0057101932341813415,0.0,-0.5049058618536677,0.021417900498712165,0.0,-0.0031843699500445194,0.0008605354903201362,0.0
5.0680000000000005,-0.04728585488374981,0.0057065581436396215,0.0,-0.5048779324382466,0.021415242217970983,0.0,-0.003184369998509748,0.0008605355048071985,0.0
5.089,-0.047266244774408044,0.00570539972629834,0.0,-0.5048609163756911,0.021414687986110376,0.0,-0.0031843700460757554,0.0008605355197357761,0.0
5.11,-0.04726812341565081,0.0057061451236850354,0.0,-0.5048626015333904,0.021415878200775163,0.0,-0.003184370090360783,0.0008605355343669537,0.0
5.131,-0.047283076101136336,0.005706300821492834,0.0,-0.5048756238050025,0.021416796971508546,0.0,-0.003184370131488263,0.000860535548693592,0.0
5.152,-0.04729737092318309,0.005705060363152112,0.0,-0.5048880359978821,0.021416614623781482,0.0,-0.0031843701695803174,0.0008605355627092554,0.0
5.173,-0.04730232229024918,0.005703323324849029,0.0,-0.5048922873718896,0.021415881044418352,0.0,-0.0031843702047576303,0.0008605355764081659,0.0
5.1930000000000005,-0.047298335470306804,0.005702094707824215,0.0,-0.5048887554804575,0.021415358581043948,0.0,-0.003184370235658895,0.0008605355891555818,0.0
5.214,-0.047290516628793834,0.005701394473784595,0.0,-0.5048819129480725,0.021415206573116633,0.0,-0.003184370265486853,0.0008605356022219101,0.0
5.235,-0.04728496639096158,0.005700905254769638,0.0,-0.5048770684801209,0.02141526323737846,0.0,-0.003184370292746106,0.0008605356149581808,0.0
5.256,-0.04728430649508239,0.005700281535016421,0.0,-0.5048764794655977,0.02141529565180543,0.0,-0.0031843703175499587,0.0008605356273610634,0.0
5.277,-0.04728731039191853,0.005699351125323902,0.0,-0.5048790068937674,0.021415162802396404,0.0,-0.003184370340009522,0.0008605356394278304,0.0
5.298,-0.047290756461555034,0.005698303872901286,0.0,-0.5048819978748277,0.02141487071845815,0.0,-0.0031843703602336703,0.0008605356511562716,0.0
5.3180000000000005,-0.047292366138583786,0.005697681192935173,0.0,-0.5048833725707981,0.02141484690908275,0.0,-0.0031843703775139283,0.0008605356620101736,0.0
5.339,-0.04729191132479028,0.005697077389712891,0.0,-0.5048829388608944,0.02141477568505371,0.0,-0.0031843703936783397,0.0008605356730737856,0.0
5.36,-0.04729018015284515,0.005696378338563995,0.0,-0.5048814102876217,0.021414618302573095,0.0,-0.0031843704079146024,0.0008605356837956544,0.0
5.381,-0.04728864403258677,0.0056956376999514145,0.0,-0.5048800452965031,0.021414436265530336,0.0,-0.003184370420321791,0.0008605356941755614,0.0
5.402,-0.04728812444784573,0.0056949466499889,0.0,-0.5048795790252812,0.021414300226075923,0.0,-0.0031843704309964236,0.0008605357042137616,0.0
5.423,-0.04728858781467853,0.005694305640041915,0.0,-0.5048799535318457,0.021414206038491347,0.0,-0.0031843704400322794,0.0008605357139109761,0.0
5.4430000000000005,-0.04728932362084028,0.0056936942590401045,0.0,-0.5048805822725194,0.021414114070941032,0.0,-0.0031843704471977057,0.0008605357228304036,0.0
5.464,-0.047289832244410614,0.005693023618406262,0.0,-0.5048809944600184,0.021413986268257707,0.0,-0.003184370453294266,0.0008605357318654162,0.0
5.485,-0.04728980678035657,0.005692342701959388,0.0,-0.5048809482680386,0.02141383427678796,0.0,-0.0031843704580133488,0.0008605357405638463,0.0
5.506,-0.0472894039397409,0.005691676455588684,0.0,-0.5048805800727987,0.021413685512100048,0.0,-0.0031843704614380433,0.0008605357489279599,0.0
5.527,-0.04728897396946373,0.005691037784865333,0.0,-0.5048801823434619,0.021413549120683696,0.0,-0.003184370463648714,0.0008605357569603317,0.0
5.548,-0.04728868653710831,0.005690410356256825,0.0,-0.5048799664938758,0.02141342599194732,0.0,-0.0031843704647230553,0.000860535764663891,0.0
5.5680000000000005,-0.04728870534201042,0.005689821968279641,0.0,-0.504879960543621,0.021413309172377243,0.0,-0.003184370464758372,0.0008605357716978528,0.0
5.589,-0.047288835253151966,0.005689205288073341,0.0,-0.5048800546706056,0.021413180896493383,0.0,-0.003184370463827662,0.0008605357787690206,0.0
5.61,-0.047288953778361384,0.0056885624165995685,0.0,-0.5048801280351408,0.021413025777206975,0.0,-0.0031843704619740907,0.0008605357855217583,0.0
5.631,-0.047289105679067724,0.005687729072918184,0.0,-0.5048802400413039,0.021412751073492005,0.0,-0.0031843704592647206,0.0008605357919601315,0.0
5.652,-0.0472892457502936,0.0056868779096125935,0.0,-0.5048803321372475,0.021412489447398826,0.0,-0.003184370455763951,0.0008605357980884447,0.0
5.673,-0.047289310424055014,0.005686101841106816,0.0,-0.5048803725739179,0.021412328037547425,0.0,-0.003184370451533622,0.0008605358039112433,0.0
5.6930000000000005,-0.04728927575219467,0.005685389774099985,0.0,-0.5048803192322313,0.02141223555605238,0.0,-0.0031843704468806776,0.0008605358091770559,0.0
5.714,-0.04728913304200481,0.0056846255533825685,0.0,-0.5048801666956336,0.02141215653561541,0.0,-0.003184370441394416,0.0008605358144172666,0.0
5.735,-0.04728902416111738,0.005683774656118469,0.0,-0.5048799922514835,0.021412037558252828,0.0,-0.0031843704353463516,0.0008605358193665427,0.0
5.756,-0.04728892167336242,0.005682829613892515,0.0,-0.5048798646201084,0.021411887978146592,0.0,-0.0031843704287884307,0.000860535824030244,0.0
5.777,-0.04728887939173527,0.005681889937234226,0.0,-0.5048798173262916,0.021411779216893224,0.0,-0.003184370421770247,0.0008605358284138289,0.0
5.798,-0.047288883809251066,0.005680971987204992,0.0,-0.5048797853669317,0.021411777286855647,0.0,-0.0031843704143390467,0.0008605358325229005,0.0
5.8180000000000005,-0.047288855322403414,0.005679823648164061,0.0,-0.504879729981796,0.021411593593606056,0.0,-0.003184370406918899,0.0008605358361863481,0.0
5.839,-0.047288785625974314,0.005678534627838553,0.0,-0.5048796306825919,0.021411376554977945,0.0,-0.0031843703988089136,0.0008605358397761611,0.0
5.86,-0.04728855991652031,0.005677198006744977,0.0,-0.5048794278815151,0.02141132117421636,0.0,-0.0031843703904123324,0.0008605358431087697,0.0
5.881,-0.047287217453415825,0.005676403754158017,0.0,-0.5048782473509806,0.02141226967995863,0.0,-0.003184370381767709,0.0008605358461902389,0.0
5.902,-0.047286511690230154,0.005673727818382134,0.0,-0.504877644587239,0.021411958159222987,0.0,-0.003184370372911566,0.0008605358490267192,0.0
5.923,-0.04728684521492394,0.005669983265512293,0.0,-0.504877940736315,0.021410953626501056,0.0,-0.0031843703638783434,0.000860535851624433,0.0
5.9430000000000005,-0.04728772741647472,0.005666742554055181,0.0,-0.5048787141959586,0.021410398192455292,0.0,-0.0031843703551404866,0.0008605358538822371,0.0
5.964,-0.04728849504388055,0.0056638857027640965,0.0,-0.5048794674031121,0.021410344290676862,0.0,-0.0031843703458537044,0.000860535856031949,0.0
5.985,-0.04728874535179512,0.005661098144310794,0.0,-0.5048797022910158,0.021410387585645552,0.0,-0.0031843703364806057,0.0008605358579615839,0.0
6.006,-0.04728831875576607,0.005657891454106686,0.0,-0.5048793535894042,0.021410172555640566,0.0,-0.003184370327048329,0.0008605358596775477,0.0
6.027,-0.047287585326587514,0.005654507300845689,0.0,-0.5048787278600607,0.021409936182097314,0.0,-0.0031843703175822966,0.0008605358611862594,0.0
6.048,-0.04728700607333496,0.0056509946121407134,0.0,-0.5048782535999219,0.021409726384761733,0.0,-0.0031843703081063327,0.0008605358624941444,0.0
